customer_id,customer,rental_count,avg_rental_duration,payment_total,store_id,store_rental_count,country,favorite_category,avg_film_length,most_popular_rating,rental_group
218,"MCCOY, VERA",18,4.67,67.82,1,7923,Afghanistan,Comedy,126.39,"R, NC-17","Medium Renters"
441,"CHEATHAM, MARIO",28,4.33,112.72,1,7923,Algeria,New,107.39,NC-17,"High Renters"
69,"GRAY, JUDY",25,5.54,96.75,2,8121,Algeria,Sci-Fi,103.24,R,"Medium Renters"
176,"CARROLL, JUNE",37,5.73,173.63,1,7923,Algeria,"Animation, Comedy",115.16,PG-13,"High Renters"
320,"SCHWAB, ANTHONY",20,3.85,71.80,2,8121,"American Samoa",Sports,125.15,PG-13,"Medium Renters"
528,"HERZOG, CLAUDE",25,5.60,111.75,1,7923,Angola,"Comedy, Horror",119.84,PG,"Medium Renters"
383,"BALES, MARTIN",27,4.93,103.73,1,7923,Angola,Animation,99.59,PG,"High Renters"
381,"BOUDREAU, BOBBY",35,4.40,106.65,2,8121,Anguilla,Travel,113.14,PG-13,"High Renters"
359,"MARKHAM, WILLIE",25,5.29,101.75,2,8121,Argentina,Documentary,115.48,"PG, PG-13","Medium Renters"
560,"ARCHULETA, JORDAN",30,5.57,132.70,1,7923,Argentina,Action,105.30,PG,"High Renters"
322,"MORRISSEY, JASON",28,5.04,128.72,1,7923,Argentina,Action,132.79,NC-17,"High Renters"
24,"LEE, KIMBERLY",25,4.52,95.75,2,8121,Argentina,"Animation, Family",118.60,G,"Medium Renters"
445,"FORMAN, MICHEAL",26,5.12,102.74,1,7923,Argentina,Animation,109.73,"PG, R","High Renters"
530,"ASHCRAFT, DARRYL",23,4.59,76.77,2,8121,Argentina,"Animation, Foreign",107.70,PG-13,"Medium Renters"
89,"FLORES, JULIA",32,5.47,134.68,1,7923,Argentina,"Action, Documentary",109.78,PG,"High Renters"
107,"WOODS, FLORENCE",30,5.25,126.70,1,7923,Argentina,Sci-Fi,125.83,R,"High Renters"
585,"SWAFFORD, PERRY",24,5.91,117.76,1,7923,Argentina,Sports,126.50,"R, NC-17","Medium Renters"
243,"BURKE, LYDIA",24,3.92,82.76,1,7923,Argentina,Documentary,112.63,"PG-13, NC-17","Medium Renters"
331,"ROBERT, ERIC",27,5.00,122.73,1,7923,Argentina,Drama,112.67,NC-17,"High Renters"
405,"SCHOFIELD, LEONARD",32,5.45,109.68,1,7923,Argentina,Documentary,106.81,NC-17,"High Renters"
219,"HOWELL, WILLIE",26,5.52,101.74,2,8121,Argentina,Sci-Fi,110.62,"PG-13, R","High Renters"
41,"MITCHELL, STEPHANIE",25,5.17,118.75,1,7923,Armenia,Animation,120.32,PG-13,"Medium Renters"
173,"RAY, AUDREY",29,4.59,119.71,1,7923,Austria,Documentary,119.90,PG,"High Renters"
159,"HAWKINS, JILL",21,4.71,68.79,1,7923,Austria,"Action, Classics",110.14,"PG-13, R","Medium Renters"
266,"HERRERA, NORA",28,4.96,118.72,2,8121,Austria,Drama,104.46,NC-17,"High Renters"
333,"PURDY, ANDREW",27,4.89,109.73,2,8121,Azerbaijan,Games,122.78,R,"High Renters"
334,"MCWHORTER, RAYMOND",30,4.93,135.70,2,8121,Azerbaijan,Foreign,123.60,R,"High Renters"
590,"HANNON, SETH",25,5.21,112.75,2,8121,Bahrain,Sports,115.08,PG,"Medium Renters"
332,"QUALLS, STEPHEN",28,5.86,118.72,1,7923,Bangladesh,"Drama, Games, Horror",128.46,PG-13,"High Renters"
329,"WAGGONER, FRANK",32,5.09,127.68,2,8121,Bangladesh,Music,123.38,PG,"High Renters"
21,"CLARK, MICHELLE",35,5.71,155.65,1,7923,Bangladesh,Sci-Fi,118.77,"PG, NC-17","High Renters"
527,"MEEHAN, CORY",24,4.70,81.76,1,7923,Belarus,Action,120.58,PG,"Medium Renters"
144,"SHAW, CLARA",42,5.60,195.58,1,7923,Belarus,Drama,114.48,PG,"VIP Renters"
455,"WILES, JON",24,4.50,87.76,2,8121,Bolivia,"Documentary, Family, New, Sci-Fi",106.33,PG,"Medium Renters"
431,"FRANCISCO, JOEL",23,4.91,95.77,2,8121,Bolivia,"Animation, Children, Comedy, Sports",106.09,PG,"Medium Renters"
551,"BARBEE, CLAYTON",26,4.73,96.74,2,8121,Brazil,Sci-Fi,115.00,PG,"High Renters"
307,"JOY, JOSEPH",30,5.37,134.70,2,8121,Brazil,"Action, Animation, Family, Music, New",112.97,PG,"High Renters"
229,"NGUYEN, TAMARA",25,4.67,93.75,1,7923,Brazil,Sports,120.80,R,"Medium Renters"
216,"MEYER, NATALIE",23,4.62,95.77,1,7923,Brazil,Travel,117.91,R,"Medium Renters"
77,"BENNETT, JANE",28,5.32,100.72,2,8121,Brazil,"Classics, Family, Games, Sports",111.39,PG,"High Renters"
398,"MEEK, ANTONIO",16,6.06,78.84,1,7923,Brazil,"Children, Foreign",90.69,"G, NC-17","Medium Renters"
362,"BARFIELD, NICHOLAS",32,5.16,145.68,1,7923,Brazil,Sports,119.88,R,"High Renters"
206,"VASQUEZ, TERRI",27,5.11,126.73,1,7923,Brazil,New,110.44,PG-13,"High Renters"
342,"MARTINO, HAROLD",32,4.41,130.68,1,7923,Brazil,Classics,110.16,PG-13,"High Renters"
325,"BUNN, TIMOTHY",22,4.41,91.78,1,7923,Brazil,New,106.09,"G, PG, PG-13","Medium Renters"
92,"SIMMONS, TINA",28,5.18,133.72,2,8121,Brazil,"Drama, Horror",103.79,"G, NC-17","High Renters"
427,"MCCARTNEY, JESUS",24,6.29,114.76,2,8121,Brazil,Documentary,104.17,PG-13,"Medium Renters"
130,"HUNTER, CHARLOTTE",24,5.17,93.76,1,7923,Brazil,Sci-Fi,117.83,PG-13,"Medium Renters"
310,"CABRAL, DANIEL",20,5.00,97.80,2,8121,Brazil,Comedy,119.00,NC-17,"Medium Renters"
47,"PARKER, FRANCES",22,5.68,108.78,1,7923,Brazil,"Action, Comedy",105.32,"R, NC-17","Medium Renters"
591,"ARSENAULT, KENT",27,5.59,134.73,1,7923,Brazil,Sports,122.41,R,"High Renters"
183,"ANDREWS, IDA",23,4.65,76.77,2,8121,Brazil,Sci-Fi,127.26,G,"Medium Renters"
246,"MENDOZA, MARIAN",23,5.09,107.77,1,7923,Brazil,Sci-Fi,119.70,PG-13,"Medium Renters"
126,"SIMPSON, ELLEN",28,5.00,117.72,1,7923,Brazil,Action,106.32,"PG, R","High Renters"
254,"SILVA, MAXINE",32,4.41,116.68,2,8121,Brazil,Sci-Fi,115.06,R,"High Renters"
74,"KELLY, DENISE",27,5.59,103.73,1,7923,Brazil,"Sci-Fi, Travel",115.15,G,"High Renters"
178,"SNYDER, MARION",39,5.63,194.61,2,8121,Brazil,"Animation, Documentary, Drama, Foreign, Travel",117.92,NC-17,"High Renters"
354,"NGO, JUSTIN",36,5.00,129.64,2,8121,Brazil,"Documentary, Drama",126.39,G,"High Renters"
544,"NOLEN, CODY",22,5.18,98.78,2,8121,Brazil,"Family, Sports",123.23,PG-13,"Medium Renters"
443,"SKIDMORE, FRANCISCO",22,5.00,98.78,2,8121,Brazil,Animation,109.86,R,"Medium Renters"
314,"LINTON, GEORGE",33,4.70,131.67,1,7923,Brazil,Sports,111.79,NC-17,"High Renters"
39,"NELSON, DEBRA",29,5.59,141.71,1,7923,Brazil,"Action, Games, New",119.03,NC-17,"High Renters"
374,"HURTADO, JEREMY",28,4.00,103.72,2,8121,Brazil,"Animation, Family, Music, Travel",95.46,PG,"High Renters"
91,"BUTLER, LOIS",35,5.15,113.65,2,8121,Brunei,Sports,107.49,NC-17,"High Renters"
540,"ASHER, TYRONE",24,5.46,112.76,1,7923,Bulgaria,"Documentary, Sci-Fi",118.04,G,"Medium Renters"
215,"BANKS, JESSIE",26,3.56,91.74,2,8121,Bulgaria,Foreign,121.50,NC-17,"High Renters"
516,"NOE, ELMER",26,5.17,98.74,2,8121,Cambodia,"Animation, Documentary, Sci-Fi",108.77,NC-17,"High Renters"
228,"STANLEY, ALLISON",27,3.96,92.73,2,8121,Cambodia,Foreign,116.11,PG-13,"High Renters"
352,"CROUSE, ALBERT",23,4.68,99.77,1,7923,Cameroon,"Foreign, Music",114.83,"R, NC-17","Medium Renters"
361,"LAWTON, LAWRENCE",31,4.79,100.69,2,8121,Cameroon,Foreign,110.16,PG-13,"High Renters"
476,"BOURQUE, DERRICK",22,5.00,95.78,1,7923,Canada,"Animation, Family, Sci-Fi",113.50,PG,"Medium Renters"
463,"POWER, DARRELL",25,4.96,91.75,2,8121,Canada,Sci-Fi,118.92,G,"Medium Renters"
189,"CARPENTER, LORETTA",22,5.32,93.78,1,7923,Canada,"Animation, Children, Classics, Family, Foreign, Music, New, Sci-Fi, Sports",127.59,PG,"Medium Renters"
410,"IRBY, CURTIS",38,5.32,167.62,2,8121,Canada,"Action, Family",112.63,NC-17,"High Renters"
436,"QUIGLEY, TROY",30,6.23,144.70,1,7923,Canada,Animation,114.87,PG-13,"High Renters"
535,"ELROD, JAVIER",32,5.09,135.68,1,7923,Chad,"Sci-Fi, Sports",101.97,R,"High Renters"
45,"PHILLIPS, JANET",27,5.33,127.73,1,7923,Chile,Action,128.70,"G, R, NC-17","High Renters"
515,"RAPP, ANDRE",28,5.29,126.72,1,7923,Chile,"Classics, Foreign",116.14,NC-17,"High Renters"
464,"KENYON, JEROME",16,6.00,73.84,1,7923,Chile,"Action, Animation, Comedy, Foreign, Horror, New",104.94,G,"Medium Renters"
538,"BREAUX, TED",29,4.86,117.71,2,8121,China,Sports,112.52,PG-13,"High Renters"
495,"BESS, CHARLIE",26,5.04,120.74,2,8121,China,Action,114.12,R,"High Renters"
533,"MILAM, JESSIE",33,5.13,141.67,1,7923,China,Sports,108.45,NC-17,"High Renters"
197,"PETERS, SUE",40,4.85,154.60,2,8121,China,Comedy,107.98,PG,"High Renters"
260,"VARGAS, CHRISTY",31,4.87,122.69,1,7923,China,Music,98.23,NC-17,"High Renters"
64,"COX, JUDITH",33,4.63,100.67,2,8121,China,Documentary,106.52,PG-13,"High Renters"
466,"EBERT, LEO",23,6.00,104.77,1,7923,China,"Games, Horror",118.48,"PG, PG-13","Medium Renters"
389,"KAHN, ALAN",26,5.50,124.74,1,7923,China,"Classics, Sports",117.65,NC-17,"High Renters"
110,"JORDAN, TIFFANY",14,4.36,59.86,2,8121,China,"Animation, Documentary, Drama, Foreign, Games",119.07,"PG-13, NC-17","Medium Renters"
313,"MAHON, DONALD",23,5.17,89.77,2,8121,China,"Animation, New",110.35,"G, PG, PG-13","Medium Renters"
211,"MONTGOMERY, STACEY",34,5.42,151.66,1,7923,China,Music,111.50,PG-13,"High Renters"
281,"OBRIEN, LEONA",14,5.50,50.86,2,8121,China,"Animation, Family",113.43,G,"Medium Renters"
552,"WALDROP, HUGH",21,4.57,90.79,2,8121,China,"Classics, Travel",120.95,PG,"Medium Renters"
165,"STEPHENS, LORRAINE",21,4.67,86.79,2,8121,China,Classics,113.71,PG-13,"Medium Renters"
138,"WARREN, HAZEL",34,4.09,110.66,1,7923,China,Sports,116.76,"G, R","High Renters"
384,"STEPP, ERNEST",25,4.88,89.75,2,8121,China,Foreign,116.96,PG,"Medium Renters"
168,"BERRY, REGINA",34,5.55,135.66,1,7923,China,Foreign,119.15,PG-13,"High Renters"
594,"HIATT, EDUARDO",27,5.22,130.73,1,7923,China,Sports,111.52,PG-13,"High Renters"
595,"GUNDERSON, TERRENCE",30,5.00,117.70,1,7923,China,Documentary,123.13,PG-13,"High Renters"
435,"SHELBY, RICKY",25,4.36,91.75,2,8121,China,"Animation, Travel",127.12,NC-17,"Medium Renters"
283,"SUTTON, FELICIA",28,3.96,86.72,1,7923,China,"Animation, Drama",114.00,"R, NC-17","High Renters"
151,"PALMER, MEGAN",27,3.96,92.73,2,8121,China,Action,101.19,"G, PG, PG-13","High Renters"
422,"ELLINGTON, MELVIN",26,5.68,97.74,1,7923,China,"Games, Sci-Fi",114.92,R,"High Renters"
267,"WADE, MARGIE",36,5.21,159.64,1,7923,China,New,110.14,PG-13,"High Renters"
569,"GARDINER, DAVE",32,4.59,134.68,2,8121,China,Sports,124.09,PG-13,"High Renters"
129,"PORTER, CARRIE",34,5.00,124.66,1,7923,China,"Children, Classics, Family",111.47,R,"High Renters"
90,"WASHINGTON, RUBY",28,5.18,110.72,2,8121,China,"Animation, Music",112.32,PG-13,"High Renters"
37,"BAKER, PAMELA",23,5.00,95.77,1,7923,China,Comedy,106.74,R,"Medium Renters"
169,"MATTHEWS, ERICA",22,4.59,95.78,2,8121,China,"Drama, Family, Foreign",123.95,"R, NC-17","Medium Renters"
242,"FRAZIER, GLENDA",32,5.47,140.68,1,7923,China,New,114.28,R,"High Renters"
496,"WREN, TYLER",21,4.45,88.79,2,8121,China,"Drama, Sports",114.48,PG-13,"Medium Renters"
546,"KNOTT, KELLY",25,5.04,103.75,1,7923,China,"Action, Animation, Sports",110.12,PG-13,"Medium Renters"
424,"SPURLOCK, KYLE",30,4.41,110.70,2,8121,China,Drama,122.87,PG-13,"High Renters"
485,"TOBIAS, CLYDE",29,5.59,115.71,1,7923,China,"Animation, Children, Drama, Travel",112.59,PG-13,"High Renters"
378,"CULPEPPER, EUGENE",19,3.89,71.81,1,7923,China,Comedy,113.58,PG,"Medium Renters"
511,"BENNER, CHESTER",24,4.42,99.76,1,7923,China,Action,110.25,G,"Medium Renters"
249,"MEDINA, DORA",23,5.83,107.77,2,8121,China,Games,124.00,R,"Medium Renters"
302,"SILVERMAN, MICHAEL",29,5.21,127.71,1,7923,China,Animation,108.45,PG-13,"High Renters"
599,"CINTRON, AUSTIN",19,5.47,83.81,2,8121,China,"Comedy, Horror, Sci-Fi",103.21,PG,"Medium Renters"
442,"BUSTAMANTE, LEROY",32,4.50,118.68,1,7923,China,"Animation, Drama",98.56,G,"High Renters"
588,"OCAMPO, MARION",29,4.66,115.71,1,7923,China,Classics,121.10,PG-13,"High Renters"
241,"LARSON, HEIDI",34,4.82,122.66,2,8121,China,New,115.91,PG-13,"High Renters"
67,"TORRES, KELLY",22,4.86,99.78,1,7923,China,"Action, Documentary, Games",108.95,PG,"Medium Renters"
564,"PFEIFFER, BOB",24,4.83,91.76,2,8121,China,Classics,113.29,R,"Medium Renters"
339,"PERRYMAN, WALTER",30,5.27,127.70,2,8121,China,Sports,117.93,R,"High Renters"
272,"CALDWELL, KAY",20,4.85,98.80,1,7923,China,"Documentary, Drama, New",106.65,G,"Medium Renters"
484,"VU, ROBERTO",30,5.13,139.70,1,7923,China,"Drama, Sports",117.10,R,"High Renters"
521,"SOUTH, ROLAND",23,5.05,80.77,2,8121,China,Family,117.17,PG-13,"Medium Renters"
154,"GRANT, MICHELE",30,4.73,130.70,2,8121,China,Sci-Fi,103.77,R,"High Renters"
324,"COY, GARY",25,4.63,103.75,2,8121,China,Music,114.60,PG-13,"Medium Renters"
93,"FOSTER, PHYLLIS",23,5.13,91.77,1,7923,China,Classics,115.57,R,"Medium Renters"
514,"TROUTMAN, FRANKLIN",22,4.09,74.78,2,8121,China,Drama,107.55,R,"Medium Renters"
550,"BROWNLEE, GUY",32,5.00,159.68,2,8121,China,Family,103.41,"PG, NC-17","High Renters"
235,"LYNCH, JACKIE",25,4.20,93.75,1,7923,Colombia,"Animation, Family",114.52,PG-13,"Medium Renters"
120,"ORTIZ, SYLVIA",32,5.39,143.68,2,8121,Colombia,"Action, Family, Music",111.47,NC-17,"High Renters"
460,"BOSTIC, LEON",25,4.56,109.75,1,7923,Colombia,"Animation, Horror, Travel",114.56,PG,"Medium Renters"
180,"CUNNINGHAM, STACY",23,5.64,98.77,2,8121,Colombia,Documentary,128.83,G,"Medium Renters"
87,"PATTERSON, WANDA",30,4.90,145.70,1,7923,Colombia,"Action, Children, Classics, Sci-Fi, Sports",114.87,PG-13,"High Renters"
490,"MCDUFFIE, SAM",24,4.50,117.76,1,7923,Colombia,Animation,107.33,PG-13,"Medium Renters"
387,"SCHILLING, JESSE",26,4.92,101.74,2,8121,"Congo, The Democratic Republic of the",Games,108.85,PG-13,"High Renters"
375,"SELBY, AARON",24,5.04,110.76,2,8121,"Congo, The Democratic Republic of the",Travel,112.13,PG-13,"Medium Renters"
265,"TERRY, JENNIE",29,5.17,133.71,2,8121,"Czech Republic","Children, New",109.79,G,"High Renters"
437,"NEUMANN, RANDALL",23,5.96,99.77,2,8121,"Dominican Republic",Foreign,110.96,PG-13,"Medium Renters"
418,"EAST, JEFF",30,4.57,107.70,2,8121,"Dominican Republic",Foreign,118.07,PG,"High Renters"
258,"FLEMING, MYRTLE",24,5.08,110.76,1,7923,"Dominican Republic","Drama, Family",118.83,PG-13,"Medium Renters"
589,"HERRMANN, TRACY",28,4.93,129.72,1,7923,Ecuador,Comedy,123.14,PG-13,"High Renters"
262,"DAVIDSON, PATSY",28,4.68,119.72,2,8121,Ecuador,Family,125.46,R,"High Renters"
494,"CHOATE, RAMON",31,5.16,140.69,2,8121,Ecuador,Sports,111.58,R,"High Renters"
559,"BANDA, EVERETT",28,5.54,110.72,2,8121,Egypt,"Animation, Family",122.71,PG,"High Renters"
233,"KIM, LILLIE",23,4.65,89.77,2,8121,Egypt,"Family, Sci-Fi",115.57,PG-13,"Medium Renters"
491,"MATTOX, RICK",27,4.59,124.73,2,8121,Egypt,"Sci-Fi, Sports",120.11,"PG-13, NC-17","High Renters"
134,"BOYD, EMMA",23,4.43,94.77,1,7923,Egypt,Horror,120.30,NC-17,"Medium Renters"
423,"CASILLAS, ALFRED",26,5.62,120.74,2,8121,Egypt,"Drama, Music",102.50,"PG-13, R","High Renters"
119,"MARSHALL, SHERRY",34,5.26,153.66,1,7923,Egypt,Sci-Fi,134.76,"PG, PG-13","High Renters"
444,"HIDALGO, MARCUS",30,5.00,115.70,2,8121,Estonia,"Family, Sports",115.23,NC-17,"High Renters"
392,"DOUGLASS, SEAN",23,5.52,91.77,2,8121,Ethiopia,"Animation, Family",103.30,NC-17,"Medium Renters"
317,"BAUGH, EDWARD",28,5.37,114.72,2,8121,"Faroe Islands","Animation, Family, Sci-Fi, Sports",117.93,NC-17,"High Renters"
298,"PENA, ERIKA",26,4.65,101.74,1,7923,Finland,Action,125.62,R,"High Renters"
402,"YANEZ, LUIS",20,5.05,79.80,1,7923,France,"Drama, New",119.00,NC-17,"Medium Renters"
162,"HUDSON, LAUREN",20,4.05,71.80,2,8121,France,Sports,123.10,PG-13,"Medium Renters"
104,"GRAHAM, RITA",24,4.96,92.76,1,7923,France,"Action, Drama, Foreign",122.04,"G, NC-17","Medium Renters"
35,"GREEN, VIRGINIA",32,5.19,129.68,2,8121,France,"Action, Sci-Fi",106.69,R,"High Renters"
65,"HOWARD, ROSE",22,5.68,103.78,2,8121,"French Guiana",Animation,100.36,NC-17,"Medium Renters"
43,"ROBERTS, CHRISTINE",24,3.73,99.76,2,8121,"French Polynesia",New,110.04,"PG, PG-13, R","Medium Renters"
56,"COOK, GLORIA",30,5.45,135.70,1,7923,"French Polynesia","Classics, Comedy",105.53,"PG, NC-17","High Renters"
584,"TEEL, SALVADOR",30,5.53,129.70,2,8121,Gambia,Comedy,109.87,"G, R","High Renters"
114,"ELLIS, GRACE",33,4.13,139.67,2,8121,Germany,Foreign,123.03,"G, NC-17","High Renters"
448,"BETANCOURT, MIGUEL",29,6.26,135.71,1,7923,Germany,Travel,117.76,NC-17,"High Renters"
251,"BREWER, VICKIE",31,4.53,120.69,2,8121,Germany,Sci-Fi,112.39,R,"High Renters"
196,"AUSTIN, ALMA",35,4.74,151.65,1,7923,Germany,Animation,101.94,PG-13,"High Renters"
227,"BURTON, COLLEEN",24,5.65,87.76,1,7923,Germany,Documentary,111.17,PG,"Medium Renters"
195,"SIMS, VANESSA",19,4.79,86.81,1,7923,Germany,Drama,110.68,R,"Medium Renters"
201,"FIELDS, VICKI",25,5.08,108.75,1,7923,Germany,"Animation, Drama, Family, Sports",118.64,NC-17,"Medium Renters"
3,"WILLIAMS, LINDA",26,5.88,135.74,1,7923,Greece,Action,114.27,R,"High Renters"
596,"FORSYTHE, ENRIQUE",28,4.78,96.72,1,7923,Greece,Sports,109.00,NC-17,"High Renters"
207,"CASTILLO, GERTRUDE",34,5.88,137.66,1,7923,Greenland,"Games, New",115.76,NC-17,"High Renters"
26,"HALL, JESSICA",34,5.32,152.66,2,8121,"Holy See (Vatican City State)",Documentary,122.06,PG,"High Renters"
289,"RODRIQUEZ, VIOLET",30,5.43,142.70,1,7923,"Hong Kong","Foreign, Sports",119.20,R,"High Renters"
592,"ROUSH, TERRANCE",29,5.14,111.71,1,7923,Hungary,"Family, Sci-Fi",106.90,PG,"High Renters"
367,"GOOCH, ADAM",22,5.27,101.78,1,7923,India,"Children, Foreign, Horror",110.77,"R, NC-17","Medium Renters"
297,"RHODES, SHERRI",33,4.97,128.67,1,7923,India,Sci-Fi,122.12,G,"High Renters"
175,"OLSON, ANNETTE",24,5.32,98.76,1,7923,India,"Games, New",114.96,"PG, PG-13","Medium Renters"
225,"HARVEY, ARLENE",26,5.31,120.74,1,7923,India,"Drama, Games, Sci-Fi",117.54,NC-17,"High Renters"
534,"JUNG, CHRISTIAN",24,4.91,88.76,1,7923,India,Family,117.96,PG-13,"Medium Renters"
208,"WHEELER, LUCY",26,5.33,91.74,1,7923,India,Documentary,125.08,PG-13,"High Renters"
413,"YEE, MARVIN",21,3.76,75.79,2,8121,India,Children,139.95,"G, PG, R","Medium Renters"
379,"COUGHLIN, CARLOS",23,4.83,106.77,1,7923,India,"Comedy, Foreign, Sci-Fi",109.65,"PG-13, R","Medium Renters"
209,"CHAPMAN, TONYA",32,5.47,161.68,2,8121,India,Action,124.13,"PG, R","High Renters"
529,"GUILLEN, ERIK",29,5.41,118.71,2,8121,India,Sci-Fi,114.48,PG-13,"High Renters"
15,"HARRIS, HELEN",32,4.83,134.68,1,7923,India,"Classics, Foreign, Sports",119.31,"PG-13, R","High Renters"
202,"GUTIERREZ, CARLA",26,4.92,103.74,2,8121,India,Animation,107.42,NC-17,"High Renters"
468,"CARY, TIM",39,5.69,175.61,1,7923,India,Animation,114.77,PG-13,"High Renters"
167,"PIERCE, SALLY",32,3.47,119.68,2,8121,India,Music,117.56,PG,"High Renters"
509,"FORTIER, RAUL",20,5.10,100.80,1,7923,India,"Animation, Foreign",110.60,"PG-13, R","Medium Renters"
440,"COLBY, BERNARD",22,4.29,88.78,1,7923,India,Drama,125.45,PG,"Medium Renters"
121,"GOMEZ, JOSEPHINE",26,5.12,109.74,1,7923,India,"Action, Documentary",103.15,"PG, PG-13","High Renters"
192,"LAWRENCE, LAURIE",23,5.50,99.77,1,7923,India,"Comedy, Horror",113.87,PG,"Medium Renters"
117,"MCDONALD, EDITH",19,3.95,71.81,1,7923,India,"Action, Foreign, Sports",116.32,R,"Medium Renters"
370,"TRUONG, WAYNE",19,5.16,70.81,2,8121,India,"Action, Animation",107.58,R,"Medium Renters"
186,"FOX, HOLLY",31,4.33,114.69,2,8121,India,"Classics, Foreign",119.00,NC-17,"High Renters"
259,"JENSEN, LENA",32,5.94,168.68,2,8121,India,Sports,114.47,"PG, NC-17","High Renters"
412,"BUTTERFIELD, ALLEN",21,5.25,85.79,2,8121,India,Action,110.90,"G, PG-13","Medium Renters"
136,"MORALES, ANITA",15,5.07,62.85,2,8121,India,Action,133.27,PG-13,"Medium Renters"
60,"BAILEY, MILDRED",25,5.00,98.75,1,7923,India,Action,118.88,NC-17,"Medium Renters"
32,"LOPEZ, AMY",29,5.03,127.71,1,7923,India,Family,123.55,"G, NC-17","High Renters"
224,"GARZA, PEARL",22,4.68,76.78,2,8121,India,Foreign,120.09,R,"Medium Renters"
31,"WRIGHT, BRENDA",26,4.69,104.74,2,8121,India,"Classics, Documentary, Foreign",118.92,PG,"High Renters"
492,"KRAUS, LESTER",16,4.94,65.84,2,8121,India,Travel,121.44,NC-17,"Medium Renters"
274,"JENNINGS, NAOMI",35,5.15,152.65,1,7923,India,New,118.97,NC-17,"High Renters"
419,"CARBONE, CHAD",25,4.72,89.75,1,7923,India,"Animation, Classics, Documentary, Sci-Fi",98.92,NC-17,"Medium Renters"
271,"NEAL, PENNY",18,5.11,68.82,1,7923,India,"Animation, Children, Family, Horror, Sports",96.56,"PG, R","Medium Renters"
316,"CURLEY, STEVEN",29,5.28,132.71,1,7923,India,"Sci-Fi, Sports",107.93,"G, PG","High Renters"
28,"YOUNG, CYNTHIA",32,4.35,111.68,1,7923,India,"Action, Drama",124.16,PG,"High Renters"
59,"MURPHY, CHERYL",27,5.59,133.73,1,7923,India,New,111.63,"PG, PG-13","High Renters"
152,"MILLS, ALICIA",21,4.25,83.79,1,7923,India,Comedy,119.90,G,"Medium Renters"
268,"SOTO, NINA",29,5.07,123.71,1,7923,India,"Children, Drama, Horror",113.24,G,"High Renters"
300,"FARNSWORTH, JOHN",31,5.13,137.69,1,7923,India,"Action, Documentary, Family, Foreign, Music",120.06,G,"High Renters"
95,"BRYANT, PAULA",18,5.06,77.82,2,8121,India,Action,115.78,"PG-13, NC-17","Medium Renters"
296,"HALE, RAMONA",30,4.62,129.70,2,8121,India,Sports,118.93,PG-13,"High Renters"
421,"HAWKS, LEE",27,5.42,119.73,1,7923,India,"Sci-Fi, Travel",121.70,G,"High Renters"
135,"MASON, JUANITA",30,5.45,110.70,2,8121,India,Children,114.47,R,"High Renters"
426,"MOTLEY, BRADLEY",27,5.30,126.73,1,7923,India,"Documentary, Horror",114.59,PG,"High Renters"
78,"WOOD, LORI",31,5.71,141.69,1,7923,India,Sports,119.77,"PG, PG-13, R","High Renters"
554,"OLVERA, DWAYNE",22,5.05,101.78,1,7923,India,"Animation, New, Sports",126.45,NC-17,"Medium Renters"
336,"MARK, JOSHUA",30,4.10,119.70,1,7923,India,Animation,110.07,G,"High Renters"
358,"MARLOW, SAMUEL",21,4.10,80.79,2,8121,India,Comedy,109.10,NC-17,"Medium Renters"
217,"BISHOP, AGNES",23,4.87,98.77,2,8121,India,"Action, Drama, Sci-Fi",119.17,PG-13,"Medium Renters"
356,"FULTZ, GERALD",30,4.93,121.70,2,8121,India,Foreign,121.33,R,"High Renters"
238,"GARRETT, NELLIE",21,4.67,94.79,1,7923,India,Children,99.90,PG-13,"Medium Renters"
68,"PETERSON, NICOLE",22,4.55,94.78,1,7923,India,"Classics, Family",103.23,"PG, PG-13","Medium Renters"
502,"CORNWELL, BRETT",34,4.82,138.66,1,7923,India,Documentary,123.44,NC-17,"High Renters"
287,"MILES, BECKY",29,5.18,115.71,2,8121,India,Documentary,116.07,PG,"High Renters"
170,"ARNOLD, BEATRICE",26,5.58,119.74,1,7923,India,Sci-Fi,119.69,PG-13,"High Renters"
446,"CULP, THEODORE",31,4.84,116.69,2,8121,India,Foreign,105.77,PG-13,"High Renters"
231,"JACOBS, GEORGIA",26,5.35,110.74,1,7923,India,"Animation, Children, Comedy, Documentary, Music",112.38,R,"High Renters"
403,"WAY, MIKE",35,4.66,166.65,1,7923,India,"Foreign, Sci-Fi",114.94,R,"High Renters"
123,"FREEMAN, SHANNON",24,5.58,100.76,2,8121,India,New,111.58,R,"Medium Renters"
508,"HOWLAND, MILTON",25,6.08,127.75,2,8121,India,Action,118.04,NC-17,"Medium Renters"
12,"THOMAS, NANCY",28,5.29,103.72,1,7923,India,Drama,108.86,G,"High Renters"
411,"CURRIER, NORMAN",26,4.36,80.74,1,7923,Indonesia,Animation,104.08,NC-17,"High Renters"
239,"ROMERO, MINNIE",34,4.35,142.66,2,8121,Indonesia,Animation,115.03,PG-13,"High Renters"
328,"SPEAR, JEFFREY",23,4.91,90.77,2,8121,Indonesia,Games,116.43,"PG-13, R","Medium Renters"
203,"RYAN, TARA",20,5.35,88.80,1,7923,Indonesia,"Action, Children, Classics",131.70,R,"Medium Renters"
153,"NICHOLS, SUZANNE",24,4.83,94.76,2,8121,Indonesia,Games,114.63,NC-17,"Medium Renters"
473,"OLIVARES, JORGE",34,4.53,134.66,2,8121,Indonesia,"Foreign, Travel",116.53,"PG, R","High Renters"
500,"KINDER, REGINALD",28,4.89,115.72,1,7923,Indonesia,New,115.36,PG-13,"High Renters"
542,"TIRADO, LONNIE",18,5.89,94.82,2,8121,Indonesia,"Horror, Sports",101.89,"G, PG, PG-13","Medium Renters"
116,"GIBSON, VICTORIA",27,4.41,111.73,1,7923,Indonesia,Family,99.44,"PG-13, R","High Renters"
506,"SEWARD, LESLIE",35,5.37,152.65,2,8121,Indonesia,Action,111.17,PG,"High Renters"
372,"MACKENZIE, STEVE",34,4.94,158.66,2,8121,Indonesia,"Action, Games",123.71,PG,"High Renters"
524,"ELY, JARED",19,5.11,87.81,1,7923,Indonesia,Animation,121.79,PG-13,"Medium Renters"
450,"ROBB, JAY",26,5.00,89.74,1,7923,Indonesia,"Drama, New",124.35,"R, NC-17","High Renters"
458,"DOWD, LLOYD",19,5.63,66.81,1,7923,Indonesia,Foreign,117.42,"PG-13, NC-17","Medium Renters"
36,"ADAMS, KATHLEEN",27,4.44,92.73,2,8121,Iran,Music,111.22,NC-17,"High Renters"
10,"TAYLOR, DOROTHY",25,6.00,99.75,1,7923,Iran,"Documentary, Games",112.52,"G, R","Medium Renters"
377,"FORTNER, HOWARD",26,5.00,93.74,1,7923,Iran,"Classics, New",105.54,G,"High Renters"
368,"ARCE, HARRY",35,4.86,157.65,1,7923,Iran,"Animation, Comedy",120.63,PG-13,"High Renters"
459,"COLLAZO, TOMMY",38,4.95,186.62,1,7923,Iran,"Comedy, Family",106.61,"G, R","High Renters"
185,"HARPER, ROBERTA",23,4.35,84.77,1,7923,Iran,"Action, Foreign",105.09,PG,"Medium Renters"
449,"AQUINO, OSCAR",20,5.90,99.80,2,8121,Iran,Horror,105.95,PG,"Medium Renters"
279,"SHELTON, DIANNE",31,5.23,135.69,2,8121,Iran,Sci-Fi,97.61,G,"High Renters"
579,"LARUE, DARYL",27,5.62,111.73,2,8121,Iraq,Sports,129.19,"PG-13, R, NC-17","High Renters"
102,"FORD, CRYSTAL",33,5.48,137.67,1,7923,Israel,Sci-Fi,118.00,R,"High Renters"
478,"LYMAN, LEWIS",19,5.47,86.81,1,7923,Israel,"Action, Classics",101.74,"G, PG-13","Medium Renters"
315,"GOODEN, KENNETH",17,6.44,84.83,2,8121,Israel,"Comedy, Foreign, New, Sports",119.59,G,"Medium Renters"
161,"PERKINS, GERALDINE",30,4.23,112.70,1,7923,Israel,"Foreign, New",116.57,NC-17,"High Renters"
33,"HILL, ANNA",21,4.50,91.79,2,8121,Italy,"Animation, Children, Classics, Comedy, Drama, Music, Sports",120.10,PG-13,"Medium Renters"
439,"FENNELL, ALEXANDER",36,4.97,151.64,2,8121,Italy,Family,109.50,"G, PG","High Renters"
309,"GRECO, CHRISTOPHER",31,5.06,147.69,1,7923,Italy,"Action, Children, Sports, Travel",126.77,R,"High Renters"
499,"OUTLAW, MARC",30,4.97,123.70,2,8121,Italy,Classics,112.87,G,"High Renters"
541,"WINDHAM, DARREN",24,5.50,108.76,2,8121,Italy,Animation,115.75,"PG-13, NC-17","Medium Renters"
221,"MORRISON, BESSIE",28,5.64,132.72,1,7923,Italy,Drama,118.07,PG,"High Renters"
525,"CLARY, ADRIAN",19,5.67,74.81,2,8121,Italy,"Family, Games",130.68,"PG, PG-13, R","Medium Renters"
574,"VEST, JULIAN",28,4.89,109.72,2,8121,Japan,Children,105.54,PG-13,"High Renters"
141,"REYES, DEBBIE",32,4.44,130.68,1,7923,Japan,Children,112.41,"PG, PG-13","High Renters"
264,"MAY, GWENDOLYN",25,5.13,98.75,1,7923,Japan,Sci-Fi,115.60,NC-17,"Medium Renters"
194,"CHAVEZ, KRISTEN",18,5.00,87.82,2,8121,Japan,Animation,118.33,"PG, NC-17","Medium Renters"
299,"GANNON, JAMES",30,4.97,131.70,2,8121,Japan,Drama,114.93,R,"High Renters"
519,"DELUCA, RON",23,5.57,103.77,2,8121,Japan,New,129.70,PG,"Medium Renters"
240,"WELCH, MARLENE",26,4.12,117.74,1,7923,Japan,New,109.77,PG-13,"High Renters"
54,"ROGERS, TERESA",29,4.31,128.71,1,7923,Japan,Animation,117.34,PG-13,"High Renters"
396,"SHANKS, EARL",27,5.78,111.73,1,7923,Japan,"Animation, Documentary",106.56,PG-13,"High Renters"
391,"GAMEZ, CLARENCE",30,4.60,104.70,1,7923,Japan,Sci-Fi,106.43,PG,"High Renters"
163,"SPENCER, CATHY",29,5.15,122.71,1,7923,Japan,"Documentary, Sports",109.31,"PG, PG-13","High Renters"
79,"BARNES, RACHEL",22,4.64,84.78,1,7923,Japan,Sci-Fi,115.59,PG,"Medium Renters"
547,"EMMONS, KURT",23,4.26,99.77,1,7923,Japan,Classics,116.17,PG-13,"Medium Renters"
401,"CARRANZA, TONY",21,3.76,73.79,2,8121,Japan,Documentary,116.05,NC-17,"Medium Renters"
34,"SCOTT, REBECCA",24,4.13,89.76,2,8121,Japan,"Games, Horror",120.21,R,"Medium Renters"
531,"WAUGH, JAMIE",25,4.92,118.75,2,8121,Japan,Sports,123.04,PG-13,"Medium Renters"
355,"GRISSOM, TERRY",20,4.53,72.80,2,8121,Japan,"Action, Foreign",123.20,PG,"Medium Renters"
253,"CARLSON, TERRY",29,5.41,127.71,1,7923,Japan,Animation,115.41,PG-13,"High Renters"
53,"MORRIS, HEATHER",30,4.54,115.70,1,7923,Japan,Classics,118.90,PG,"High Renters"
489,"MEADOR, RICARDO",21,5.48,99.79,1,7923,Japan,"Family, Games",134.19,PG-13,"Medium Renters"
365,"SCHWARZ, BRUCE",23,4.83,103.77,2,8121,Japan,"Animation, Family, Music, Travel",122.30,NC-17,"Medium Renters"
404,"SCROGGINS, STANLEY",30,5.57,139.70,2,8121,Japan,"Animation, Documentary, Foreign",123.13,"G, NC-17","High Renters"
337,"JORDON, JERRY",29,5.93,143.71,1,7923,Japan,Sci-Fi,100.86,PG-13,"High Renters"
285,"MCKINNEY, MIRIAM",26,5.31,135.74,1,7923,Japan,Sci-Fi,102.77,PG,"High Renters"
11,"ANDERSON, LISA",24,5.70,106.76,2,8121,Japan,Games,127.04,R,"Medium Renters"
1,"SMITH, MARY",32,4.47,118.68,1,7923,Japan,Classics,122.38,"PG, NC-17","High Renters"
29,"HERNANDEZ, ANGELA",36,4.80,140.64,2,8121,Japan,Children,121.17,PG-13,"High Renters"
385,"HOLM, PHILLIP",26,4.65,101.74,1,7923,Japan,"Sci-Fi, Sports, Travel",115.46,PG-13,"High Renters"
429,"ISBELL, FREDERICK",21,4.95,105.79,2,8121,Japan,"Comedy, Foreign",112.71,"G, PG, R","Medium Renters"
503,"BARCLAY, ANGEL",32,4.22,115.68,1,7923,Japan,Sci-Fi,109.69,PG-13,"High Renters"
147,"ROBERTSON, JOANNE",34,4.91,127.66,2,8121,Japan,Action,104.41,NC-17,"High Renters"
76,"PRICE, IRENE",23,5.04,77.77,2,8121,Kazakstan,Drama,107.83,NC-17,"Medium Renters"
573,"BOX, BYRON",29,5.21,120.71,1,7923,Kazakstan,"Documentary, Horror",111.72,R,"High Renters"
193,"ELLIOTT, KATIE",25,4.33,109.75,2,8121,Kenya,Games,118.40,NC-17,"Medium Renters"
363,"WHITING, ROY",29,5.14,143.71,2,8121,Kenya,Action,117.55,R,"High Renters"
234,"FULLER, CLAUDIA",26,5.40,111.74,1,7923,Kuwait,"Classics, Foreign",109.85,"G, NC-17","High Renters"
347,"SALISBURY, RYAN",30,5.07,142.70,2,8121,Latvia,"Games, Sports",123.90,R,"High Renters"
23,"LEWIS, SARAH",30,5.03,119.70,2,8121,Latvia,Sci-Fi,122.63,"PG, PG-13","High Renters"
57,"MORGAN, EVELYN",28,5.07,114.72,2,8121,Liechtenstein,"Action, Foreign",110.86,PG,"High Renters"
557,"GAFFNEY, FELIX",24,4.87,73.76,1,7923,Lithuania,Children,116.29,PG-13,"Medium Renters"
81,"HENDERSON, ANDREA",22,4.36,93.78,1,7923,Madagascar,Horror,113.05,NC-17,"Medium Renters"
166,"PAYNE, LYNN",28,4.64,123.72,1,7923,Malawi,"Classics, Music",103.79,"G, PG, PG-13","High Renters"
171,"WAGNER, DOLORES",26,5.58,114.74,2,8121,Malaysia,Children,102.96,PG,"High Renters"
58,"BELL, JEAN",27,4.62,115.73,1,7923,Malaysia,"Action, Comedy, Foreign",107.67,G,"High Renters"
306,"KOWALSKI, CHARLES",32,5.13,138.68,1,7923,Malaysia,Sci-Fi,115.72,PG,"High Renters"
486,"TALBERT, GLEN",26,5.27,113.74,1,7923,Mexico,"Children, Drama, Family",111.46,R,"High Renters"
414,"RALSTON, VINCENT",25,4.72,105.75,1,7923,Mexico,Travel,107.36,R,"Medium Renters"
84,"PERRY, SARA",33,4.36,141.67,2,8121,Mexico,"Animation, Sports",106.79,NC-17,"High Renters"
578,"LUMPKIN, WILLARD",22,5.05,96.78,2,8121,Mexico,"Classics, Family, Horror, Sci-Fi",103.86,"G, PG, PG-13","Medium Renters"
587,"STANFIELD, SERGIO",26,4.92,108.74,1,7923,Mexico,Documentary,109.96,PG-13,"High Renters"
247,"MORENO, STELLA",22,5.27,104.78,1,7923,Mexico,"Sci-Fi, Sports",119.64,PG-13,"Medium Renters"
482,"CRAWLEY, MAURICE",29,4.72,138.71,1,7923,Mexico,Foreign,119.62,PG,"High Renters"
467,"DELOACH, ALVIN",29,4.86,139.71,2,8121,Mexico,Children,117.93,PG-13,"High Renters"
323,"MAHAN, MATTHEW",31,4.97,114.69,2,8121,Mexico,Action,99.65,G,"High Renters"
575,"OGLESBY, ISAAC",29,4.48,126.71,2,8121,Mexico,Music,118.07,PG-13,"High Renters"
451,"REA, JIM",33,4.76,128.67,1,7923,Mexico,Sci-Fi,113.61,R,"High Renters"
364,"VARNEY, BENJAMIN",23,3.91,95.77,1,7923,Mexico,"Action, Classics",125.96,G,"Medium Renters"
150,"DANIELS, DANIELLE",25,5.44,105.75,2,8121,Mexico,Sports,134.32,NC-17,"Medium Renters"
582,"VANHORN, ANDY",25,5.13,113.75,2,8121,Mexico,Sci-Fi,107.00,"PG, NC-17","Medium Renters"
108,"COLE, TRACY",30,4.69,132.70,1,7923,Mexico,"Comedy, Sci-Fi",115.10,G,"High Renters"
581,"WOFFORD, VIRGIL",27,5.30,107.73,1,7923,Mexico,Foreign,110.00,NC-17,"High Renters"
369,"WHEAT, FRED",25,3.92,88.75,2,8121,Mexico,Family,105.36,PG-13,"Medium Renters"
488,"MILLARD, SHANE",22,5.18,95.78,2,8121,Mexico,Drama,120.41,R,"Medium Renters"
177,"DUNCAN, SAMANTHA",23,4.09,71.77,2,8121,Mexico,Sports,129.65,PG,"Medium Renters"
343,"GRAF, DOUGLAS",25,5.64,114.75,1,7923,Mexico,Family,122.28,PG,"Medium Renters"
570,"CROMWELL, IVAN",26,4.76,99.74,2,8121,Mexico,"Documentary, Horror, New, Sports",117.38,NC-17,"High Renters"
115,"HARRISON, WENDY",30,4.76,91.70,1,7923,Mexico,Classics,119.03,PG,"High Renters"
353,"SCARBOROUGH, JONATHAN",18,4.72,72.82,1,7923,Mexico,Animation,110.22,PG-13,"Medium Renters"
273,"LOWE, PRISCILLA",35,5.20,157.65,2,8121,Mexico,Sci-Fi,103.03,"G, PG","High Renters"
319,"WEINER, RONALD",30,5.43,132.70,2,8121,Mexico,Games,111.80,PG,"High Renters"
425,"SIKES, FRANCIS",26,5.08,104.74,2,8121,Mexico,Travel,97.96,G,"High Renters"
133,"HENRY, PAULINE",27,4.70,98.73,1,7923,Mexico,Drama,105.81,PG-13,"High Renters"
454,"GRESHAM, ALEX",33,4.88,151.67,2,8121,Mexico,Sports,116.88,"PG-13, R","High Renters"
288,"CRAIG, BOBBIE",24,4.29,80.76,1,7923,Mexico,Sports,115.29,NC-17,"Medium Renters"
465,"GANDY, FLOYD",17,4.94,69.83,1,7923,Mexico,"Foreign, Games",121.35,PG-13,"Medium Renters"
38,"GONZALEZ, MARTHA",34,5.09,127.66,1,7923,Moldova,Children,124.62,PG-13,"High Renters"
543,"PEMBERTON, LANCE",22,5.09,82.78,1,7923,Morocco,Foreign,117.86,PG-13,"Medium Renters"
40,"CARTER, AMANDA",27,5.52,110.73,2,8121,Morocco,"Action, Children, Documentary, Games",115.48,R,"High Renters"
22,"RODRIGUEZ, LAURA",22,5.52,113.78,1,7923,Morocco,"Foreign, Sports",108.36,R,"Medium Renters"
257,"DOUGLAS, MARSHA",37,4.84,151.63,2,8121,Mozambique,Documentary,112.27,R,"High Renters"
433,"BONE, DON",25,5.16,133.75,1,7923,Mozambique,"Action, Foreign, Games, New",117.36,R,"Medium Renters"
97,"RUSSELL, ANNIE",18,3.56,58.82,2,8121,Mozambique,New,109.17,NC-17,"Medium Renters"
256,"HOLLAND, MABEL",30,4.67,112.70,2,8121,Myanmar,Comedy,125.67,NC-17,"High Renters"
4,"JONES, BARBARA",22,3.86,81.78,2,8121,Myanmar,Horror,117.27,G,"Medium Renters"
513,"TUBBS, DUANE",31,5.35,148.69,2,8121,Nauru,"Comedy, Horror",108.23,R,"High Renters"
321,"SCHULER, KEVIN",22,6.36,116.78,1,7923,Nepal,"Foreign, Sci-Fi",116.00,R,"Medium Renters"
415,"PULLEN, GLENN",23,4.48,93.77,1,7923,Netherlands,Sports,131.70,"G, PG","Medium Renters"
137,"KENNEDY, RHONDA",39,6.00,194.61,2,8121,Netherlands,Games,110.44,"PG-13, R, NC-17","High Renters"
341,"MENARD, PETER",23,5.78,106.77,1,7923,Netherlands,"New, Travel",113.43,R,"Medium Renters"
474,"GILLETTE, DUSTIN",26,5.08,100.74,2,8121,Netherlands,Family,126.27,PG,"High Renters"
184,"RUIZ, VIVIAN",23,4.83,90.77,1,7923,Netherlands,Animation,115.17,PG-13,"Medium Renters"
8,"WILSON, SUSAN",24,4.54,92.76,2,8121,"New Zealand","Classics, Drama",133.67,NC-17,"Medium Renters"
284,"GREGORY, SONIA",28,5.77,126.72,1,7923,Nigeria,"Action, Foreign, Horror",113.46,PG,"High Renters"
409,"MOELLER, RODNEY",23,5.74,104.77,2,8121,Nigeria,"Animation, Children, Comedy, Documentary, Drama, Family, Games, Music, Sci-Fi, Sports",116.61,R,"Medium Renters"
286,"LUCAS, VELMA",27,5.70,117.73,1,7923,Nigeria,Drama,101.07,PG,"High Renters"
80,"ROSS, MARILYN",30,5.45,137.70,1,7923,Nigeria,New,114.97,PG-13,"High Renters"
198,"KELLEY, ELSIE",37,4.49,141.63,2,8121,Nigeria,Documentary,108.49,PG,"High Renters"
103,"HAMILTON, GLADYS",31,5.39,146.69,1,7923,Nigeria,Animation,115.19,"R, NC-17","High Renters"
18,"GARCIA, CAROL",22,4.09,91.78,2,8121,Nigeria,"Classics, Documentary, Horror",110.23,"R, NC-17","Medium Renters"
277,"JIMENEZ, OLGA",32,4.81,144.68,2,8121,Nigeria,Sports,105.66,PG-13,"High Renters"
156,"FERGUSON, BERTHA",25,4.88,101.75,1,7923,Nigeria,Horror,106.52,PG-13,"Medium Renters"
280,"BARRETT, TRACEY",27,4.44,118.73,2,8121,Nigeria,"Children, Foreign, New, Sci-Fi",118.22,PG-13,"High Renters"
250,"FOWLER, JO",20,4.25,73.80,2,8121,Nigeria,"Sci-Fi, Travel",105.35,"PG, PG-13","Medium Renters"
562,"SLONE, WALLACE",25,5.08,109.75,1,7923,Nigeria,Foreign,118.76,"G, PG","Medium Renters"
232,"REID, CONSTANCE",25,4.12,95.75,2,8121,Nigeria,Sci-Fi,117.96,R,"Medium Renters"
157,"ROSE, DARLENE",31,4.29,113.69,2,8121,"North Korea",Documentary,120.81,NC-17,"High Renters"
9,"MOORE, MARGARET",23,4.55,89.77,2,8121,Oman,"Foreign, Travel",116.52,G,"Medium Renters"
498,"SANBORN, GENE",27,4.89,97.73,1,7923,Oman,"New, Sci-Fi",117.19,NC-17,"High Renters"
416,"PINSON, JEFFERY",31,4.84,121.69,2,8121,Pakistan,"Action, Classics, Documentary, Drama, Horror, Sci-Fi",105.61,NC-17,"High Renters"
223,"FERNANDEZ, MELINDA",17,4.94,80.83,1,7923,Pakistan,"Action, Family, Foreign, Sci-Fi, Sports, Travel",134.18,PG,"Medium Renters"
20,"ROBINSON, SHARON",30,4.87,115.70,2,8121,Pakistan,New,117.40,PG,"High Renters"
399,"ISOM, DANNY",21,5.33,91.79,1,7923,Pakistan,Travel,124.71,PG,"Medium Renters"
25,"WALKER, DEBORAH",29,4.48,115.71,1,7923,Pakistan,Action,112.83,NC-17,"High Renters"
226,"LITTLE, MAUREEN",21,5.14,87.79,2,8121,Paraguay,"Animation, Music, Sci-Fi",127.67,PG-13,"Medium Renters"
205,"CARR, EILEEN",18,5.56,80.82,2,8121,Paraguay,Horror,112.83,R,"Medium Renters"
345,"ARTIS, CARL",23,4.09,106.77,1,7923,Paraguay,Horror,114.96,R,"Medium Renters"
304,"ROYAL, DAVID",26,5.69,115.74,2,8121,Peru,Sci-Fi,110.73,PG-13,"High Renters"
565,"NETTLES, JAIME",29,4.76,126.71,2,8121,Peru,"Family, Games, Sports, Travel",107.45,R,"High Renters"
122,"MURRAY, THELMA",32,4.53,126.68,1,7923,Peru,"Horror, Sports",122.53,PG,"High Renters"
597,"DUGGAN, FREDDIE",25,4.63,99.75,1,7923,Peru,Foreign,107.56,R,"Medium Renters"
71,"JAMES, KATHY",30,4.57,129.70,1,7923,Philippines,Music,114.63,"R, NC-17","High Renters"
188,"ARMSTRONG, MELANIE",25,3.88,92.75,1,7923,Philippines,Drama,105.80,PG,"Medium Renters"
94,"GONZALES, NORMA",21,5.20,79.79,1,7923,Philippines,Family,108.19,NC-17,"Medium Renters"
371,"POULIN, BILLY",35,5.03,149.65,1,7923,Philippines,Sports,104.26,PG,"High Renters"
388,"MORRELL, CRAIG",30,5.41,124.70,2,8121,Philippines,"Action, Animation, Family, Music, New, Sports",116.73,PG-13,"High Renters"
27,"ALLEN, SHIRLEY",31,5.32,126.69,2,8121,Philippines,"Foreign, Sports",118.13,G,"High Renters"
461,"BLAKELY, DEREK",28,4.32,97.72,1,7923,Philippines,Sci-Fi,118.61,PG,"High Renters"
255,"PEARSON, IRMA",18,5.44,70.82,2,8121,Philippines,"Animation, Classics",118.22,NC-17,"Medium Renters"
580,"GREY, ROSS",27,4.89,99.73,1,7923,Philippines,Foreign,120.81,"G, PG-13, R","High Renters"
349,"GILLILAND, JOE",29,5.21,138.71,2,8121,Philippines,"Foreign, Games, Travel",111.66,PG-13,"High Renters"
244,"HANSON, VIOLA",32,5.65,129.68,2,8121,Philippines,Comedy,118.56,"PG-13, NC-17","High Renters"
263,"HOPKINS, HILDA",29,4.68,122.71,1,7923,Philippines,Sci-Fi,106.21,"PG, PG-13","High Renters"
434,"TOMLIN, EDDIE",27,5.37,128.73,1,7923,Philippines,"Animation, Games",114.96,NC-17,"High Renters"
522,"HAVENS, ARNOLD",33,5.97,167.67,2,8121,Philippines,Games,113.70,PG-13,"High Renters"
72,"WATSON, THERESA",30,4.27,99.70,2,8121,Philippines,"Action, Animation, Horror",112.50,NC-17,"High Renters"
505,"ABNEY, RAFAEL",21,5.60,97.79,1,7923,Philippines,Animation,117.95,PG-13,"Medium Renters"
373,"LEONE, LOUIS",35,5.82,161.65,1,7923,Philippines,Animation,123.80,"G, PG","High Renters"
236,"DEAN, MARCIA",42,5.07,175.58,1,7923,Philippines,"Foreign, Games",112.71,PG-13,"VIP Renters"
548,"CORNISH, ALLAN",19,5.94,79.81,1,7923,Philippines,"Children, Foreign, Travel",100.84,NC-17,"Medium Renters"
261,"BYRD, DEANNA",26,4.88,107.74,1,7923,Philippines,"Foreign, Travel",107.50,"PG, PG-13","High Renters"
318,"WYMAN, BRIAN",12,4.83,52.88,1,7923,Poland,"Action, Documentary",105.42,G,"Medium Renters"
572,"BURLESON, SIDNEY",25,5.08,108.75,1,7923,Poland,Sports,117.24,"G, PG-13, NC-17","Medium Renters"
128,"TUCKER, MARJORIE",32,4.88,127.68,1,7923,Poland,"Animation, Music, Sports",122.22,NC-17,"High Renters"
270,"CURTIS, LEAH",25,5.40,104.75,1,7923,Poland,"Children, Music",117.40,NC-17,"Medium Renters"
501,"GEARY, RUBEN",21,5.10,89.79,1,7923,Poland,New,100.33,R,"Medium Renters"
571,"CHISHOLM, JOHNNIE",24,5.79,121.76,2,8121,Poland,Sports,118.13,NC-17,"Medium Renters"
380,"BRINSON, RUSSELL",36,5.25,136.64,1,7923,Poland,Foreign,128.89,R,"High Renters"
558,"EGGLESTON, JIMMIE",28,5.93,135.72,1,7923,Poland,"Comedy, Foreign, Horror, Sports, Travel",117.86,PG,"High Renters"
360,"MADRIGAL, RALPH",34,5.18,150.66,2,8121,"Puerto Rico",New,109.91,G,"High Renters"
282,"CASTRO, JENNY",27,5.19,103.73,2,8121,"Puerto Rico",Foreign,105.74,PG,"High Renters"
230,"GEORGE, JOY",33,4.97,124.67,2,8121,Romania,Sci-Fi,108.97,G,"High Renters"
563,"PREWITT, KEN",29,5.03,110.71,2,8121,Romania,Horror,112.48,PG,"High Renters"
148,"HUNT, ELEANOR",46,5.24,216.54,1,7923,RÃ©union,Sci-Fi,116.52,R,"VIP Renters"
397,"SCHRADER, JIMMY",29,4.45,105.71,1,7923,"Russian Federation","Drama, Travel",114.69,NC-17,"High Renters"
55,"REED, DORIS",22,4.00,100.78,2,8121,"Russian Federation","Games, Sports",125.27,G,"Medium Renters"
430,"HOULE, RAY",22,5.09,79.78,1,7923,"Russian Federation","Comedy, Travel",126.86,PG,"Medium Renters"
17,"THOMPSON, DONNA",21,5.00,98.79,1,7923,"Russian Federation",Foreign,129.05,G,"Medium Renters"
106,"WALLACE, CONNIE",23,5.04,100.77,1,7923,"Russian Federation",Horror,121.52,"G, PG-13, R","Medium Renters"
222,"HANSEN, DELORES",21,6.00,91.79,2,8121,"Russian Federation",Children,114.90,NC-17,"Medium Renters"
100,"HAYES, ROBIN",24,4.65,102.76,1,7923,"Russian Federation","Animation, Classics",116.96,R,"Medium Renters"
301,"BAUGHMAN, ROBERT",21,4.14,92.79,2,8121,"Russian Federation",Sci-Fi,119.24,"PG-13, NC-17","Medium Renters"
510,"EASTER, BEN",26,5.19,122.74,2,8121,"Russian Federation","Animation, Children",119.69,PG-13,"High Renters"
179,"HART, DANA",29,5.03,133.71,1,7923,"Russian Federation",Family,101.07,"PG, PG-13","High Renters"
295,"BATES, DAISY",38,6.03,162.62,1,7923,"Russian Federation","Family, Foreign, New, Sports",114.97,NC-17,"High Renters"
393,"CAUSEY, PHILIP",31,5.71,121.69,1,7923,"Russian Federation","Action, Foreign",105.77,"PG, NC-17","High Renters"
376,"GAITHER, RANDY",28,4.68,110.72,1,7923,"Russian Federation",Classics,111.86,PG-13,"High Renters"
311,"TROUT, PAUL",23,5.74,120.77,2,8121,"Russian Federation","Documentary, Drama",123.57,"G, PG-13","Medium Renters"
44,"TURNER, MARIE",26,4.80,114.74,1,7923,"Russian Federation",Animation,102.15,NC-17,"High Renters"
160,"DUNN, ERIN",27,4.74,106.73,2,8121,"Russian Federation",Documentary,110.70,G,"High Renters"
346,"SIMPKINS, ARTHUR",32,5.06,155.68,1,7923,"Russian Federation",Family,108.22,NC-17,"High Renters"
46,"CAMPBELL, CATHERINE",34,4.21,142.66,2,8121,"Russian Federation",Animation,107.82,NC-17,"High Renters"
447,"BOWENS, CLIFFORD",29,4.76,113.71,1,7923,"Russian Federation","Action, Animation, Comedy, Drama, Games, New",110.03,PG,"High Renters"
48,"EVANS, ANN",17,5.94,76.83,1,7923,"Russian Federation","Foreign, Music",129.53,PG-13,"Medium Renters"
191,"GREENE, JEANETTE",20,4.53,74.80,1,7923,"Russian Federation",Documentary,109.85,"PG, PG-13, R","Medium Renters"
487,"POINDEXTER, HECTOR",26,5.58,119.74,2,8121,"Russian Federation","Action, Documentary",118.69,PG,"High Renters"
567,"MCADAMS, ALFREDO",20,4.55,85.80,2,8121,"Russian Federation",Travel,117.85,R,"Medium Renters"
127,"STEVENS, ELAINE",24,5.38,107.76,2,8121,"Russian Federation",Travel,124.21,G,"Medium Renters"
428,"KRUGER, HERBERT",20,5.00,78.80,2,8121,"Russian Federation","Documentary, Music",126.70,G,"Medium Renters"
350,"FRALEY, JUAN",23,4.22,73.77,1,7923,"Russian Federation",Music,108.48,PG-13,"Medium Renters"
462,"SHERROD, WARREN",33,5.27,159.67,2,8121,"Russian Federation","Animation, Horror",128.27,"G, PG, R","High Renters"
351,"FOUST, JACK",24,5.00,89.76,1,7923,"Russian Federation","Games, Sports",116.25,PG,"Medium Renters"
326,"ANDREW, JOSE",25,4.64,96.75,1,7923,"Saint Vincent and the Grenadines",Horror,106.16,"G, PG","Medium Renters"
101,"MYERS, PEGGY",24,4.96,96.76,1,7923,"Saudi Arabia","Animation, Sci-Fi",107.92,PG,"Medium Renters"
70,"RAMIREZ, CHRISTINA",18,4.33,80.82,2,8121,"Saudi Arabia",Sports,121.00,"PG, R","Medium Renters"
417,"ESTEP, TRAVIS",25,5.04,110.75,1,7923,"Saudi Arabia",Animation,107.76,NC-17,"Medium Renters"
49,"EDWARDS, JOYCE",28,4.89,130.72,2,8121,"Saudi Arabia",Family,115.86,PG-13,"High Renters"
312,"RINEHART, MARK",26,4.96,104.74,2,8121,"Saudi Arabia",Action,117.46,PG,"High Renters"
456,"RICKETTS, RONNIE",25,4.68,100.75,2,8121,Senegal,Sci-Fi,109.92,NC-17,"Medium Renters"
357,"RICO, KEITH",26,4.81,89.74,1,7923,Slovakia,"Drama, Family",110.77,R,"High Renters"
125,"WEBB, ETHEL",32,5.16,135.68,1,7923,"South Africa",Documentary,119.06,R,"High Renters"
132,"CRAWFORD, ESTHER",28,4.61,95.72,2,8121,"South Africa","Animation, Classics, Sports",118.57,NC-17,"High Renters"
555,"LOMBARDI, DWIGHT",17,6.06,74.83,1,7923,"South Africa","Games, Sports",108.59,"G, PG-13, NC-17","Medium Renters"
471,"SAUER, DEAN",27,5.15,109.73,1,7923,"South Africa",Music,124.67,PG-13,"High Renters"
19,"MARTINEZ, RUTH",24,5.54,125.76,1,7923,"South Africa",Sports,111.21,PG,"Medium Renters"
109,"WEST, EDNA",26,5.50,107.74,2,8121,"South Africa","Classics, Sci-Fi",109.50,"PG-13, R","High Renters"
432,"BURK, EDWIN",23,5.65,116.77,1,7923,"South Africa",Games,123.87,R,"Medium Renters"
338,"GILMAN, DENNIS",28,4.89,114.72,1,7923,"South Africa",Sports,104.54,"G, NC-17","High Renters"
407,"RATCLIFF, DALE",27,4.96,112.73,1,7923,"South Africa","Games, New",119.81,G,"High Renters"
145,"HOLMES, LUCILLE",28,4.25,108.72,1,7923,"South Africa",Animation,111.57,PG,"High Renters"
83,"JENKINS, LOUISE",25,4.50,101.75,1,7923,"South Africa",Sci-Fi,114.64,PG-13,"Medium Renters"
88,"HUGHES, BONNIE",21,5.86,87.79,2,8121,"South Korea","Family, Music, Travel",106.71,G,"Medium Renters"
99,"DIAZ, EMILY",24,4.22,91.76,2,8121,"South Korea",Sports,112.46,NC-17,"Medium Renters"
237,"GILBERT, TANYA",33,5.48,144.67,1,7923,"South Korea","Classics, Family",112.12,PG-13,"High Renters"
536,"CHURCHILL, FERNANDO",25,5.36,117.75,2,8121,"South Korea",Music,115.88,"PG, R","Medium Renters"
245,"DAY, COURTNEY",32,5.32,132.68,1,7923,"South Korea","Animation, Children, Sports",111.34,"PG, PG-13","High Renters"
52,"SANCHEZ, JULIE",29,5.50,107.71,1,7923,Spain,"Comedy, Documentary",131.31,"PG, R","High Renters"
293,"FLETCHER, MAE",31,5.55,158.69,2,8121,Spain,Sports,123.48,PG-13,"High Renters"
394,"BROTHERS, CHRIS",22,4.43,84.78,2,8121,Spain,Action,112.50,NC-17,"Medium Renters"
469,"BULL, WESLEY",40,5.50,177.60,2,8121,Spain,Games,120.20,PG-13,"High Renters"
549,"CHRISTENSON, NELSON",20,4.15,77.80,1,7923,Spain,Games,105.95,"G, PG-13","Medium Renters"
408,"MURRELL, MANUEL",30,4.67,116.70,1,7923,"Sri Lanka",Children,116.80,G,"High Renters"
395,"TURPIN, JOHNNY",19,3.68,57.81,2,8121,Sudan,Music,97.16,"PG, PG-13","Medium Renters"
50,"COLLINS, DIANE",35,5.54,169.65,1,7923,Sudan,"Drama, Foreign",128.97,PG-13,"High Renters"
66,"WARD, JANICE",34,5.21,144.66,2,8121,Sweden,"Classics, Games",128.41,PG,"High Renters"
61,"RIVERA, KATHERINE",14,6.00,58.86,2,8121,Switzerland,"Classics, Drama, Sci-Fi, Sports",115.36,PG-13,"Medium Renters"
155,"KNIGHT, GAIL",25,4.74,109.75,1,7923,Switzerland,"Animation, Classics, Documentary",120.36,PG-13,"Medium Renters"
598,"DELVALLE, WADE",22,5.86,83.78,1,7923,Switzerland,"Comedy, Drama, Foreign",127.45,G,"Medium Renters"
75,"SANDERS, TAMMY",41,4.95,155.59,2,8121,Taiwan,Family,123.54,PG,"VIP Renters"
73,"BROOKS, BEVERLY",24,4.26,97.76,2,8121,Taiwan,"Children, Foreign",108.63,"PG, PG-13, R, NC-17","Medium Renters"
517,"MCCURDY, BRAD",25,4.68,105.75,2,8121,Taiwan,Drama,125.80,NC-17,"Medium Renters"
576,"MCCARTER, MORRIS",34,4.78,139.66,2,8121,Taiwan,New,112.62,R,"High Renters"
348,"QUINTANILLA, ROGER",36,5.22,146.64,2,8121,Taiwan,"Action, Animation, Documentary",110.75,NC-17,"High Renters"
30,"KING, MELISSA",34,5.21,123.66,1,7923,Taiwan,Drama,116.97,G,"High Renters"
5,"BROWN, ELIZABETH",38,5.03,144.62,1,7923,Taiwan,Classics,119.24,PG,"High Renters"
577,"MALCOLM, CLIFTON",27,5.44,117.73,2,8121,Taiwan,"Action, Animation, Sci-Fi",117.37,"G, PG-13","High Renters"
139,"DIXON, AMBER",27,5.04,113.73,1,7923,Taiwan,"Action, Animation, Documentary, Foreign, Games",120.96,G,"High Renters"
586,"STCLAIR, KIRK",19,4.42,64.81,1,7923,Taiwan,Drama,118.84,NC-17,"Medium Renters"
481,"DEVORE, HERMAN",29,4.00,115.71,1,7923,Tanzania,Games,101.41,R,"High Renters"
190,"WEAVER, YOLANDA",27,5.38,110.73,2,8121,Tanzania,"Action, Classics, Drama, Family, Horror, Travel",109.11,G,"High Renters"
220,"ALVAREZ, CHARLENE",27,4.70,114.73,2,8121,Tanzania,New,101.59,NC-17,"High Renters"
390,"HEATON, SHAWN",33,4.94,152.67,1,7923,Thailand,"Animation, Music",110.82,"R, NC-17","High Renters"
42,"PEREZ, CAROLYN",30,5.07,117.70,2,8121,Thailand,Sci-Fi,113.97,PG-13,"High Renters"
86,"LONG, JACQUELINE",33,4.58,148.67,2,8121,Thailand,Drama,116.82,PG,"High Renters"
344,"BILLINGSLEY, HENRY",18,5.33,73.82,1,7923,Tonga,Sports,129.17,PG-13,"Medium Renters"
335,"MAULDIN, GREGORY",23,4.59,78.77,1,7923,Tunisia,Sci-Fi,122.70,R,"Medium Renters"
327,"THRASHER, LARRY",26,5.76,112.74,2,8121,Turkey,Documentary,110.81,"G, NC-17","High Renters"
366,"HUEY, BRANDON",37,5.58,152.63,1,7923,Turkey,"Sci-Fi, Sports",112.43,NC-17,"High Renters"
172,"WILLIS, BERNICE",33,5.48,145.67,1,7923,Turkey,Action,117.94,PG,"High Renters"
483,"CHAPA, VERNON",18,5.61,88.82,2,8121,Turkey,Comedy,126.11,G,"Medium Renters"
507,"RHOADS, EDGAR",25,4.60,95.75,2,8121,Turkey,Horror,119.32,PG-13,"Medium Renters"
480,"HAUSER, COREY",22,5.91,101.78,1,7923,Turkey,Classics,107.18,PG-13,"Medium Renters"
278,"HORTON, BILLIE",26,3.92,88.74,2,8121,Turkey,Comedy,109.81,PG,"High Renters"
143,"GORDON, LESLIE",22,4.91,89.78,1,7923,Turkey,"Documentary, Sci-Fi",104.36,PG-13,"Medium Renters"
124,"WELLS, SHEILA",18,5.28,73.82,1,7923,Turkey,Documentary,119.33,NC-17,"Medium Renters"
13,"JACKSON, KAREN",27,5.04,131.73,2,8121,Turkey,Classics,114.93,"PG-13, R, NC-17","High Renters"
518,"HARDER, GABRIEL",26,4.69,111.74,1,7923,Turkey,"Drama, Family",119.12,PG-13,"High Renters"
493,"HARKINS, BRENT",23,5.23,112.77,1,7923,Turkey,Horror,114.74,R,"Medium Renters"
164,"GARDNER, JOANN",16,4.88,66.84,2,8121,Turkey,"Children, Drama, Family, Foreign, Music",122.69,NC-17,"Medium Renters"
566,"MENA, CASEY",34,5.12,141.66,1,7923,Turkey,"Action, Animation",114.44,"G, PG, R","High Renters"
204,"SCHMIDT, ROSEMARY",35,4.37,147.65,1,7923,Turkey,"Foreign, Horror, New",113.94,PG-13,"High Renters"
200,"LAWSON, JEANNE",27,5.81,136.73,2,8121,Turkmenistan,"Family, Games",129.93,PG,"High Renters"
105,"SULLIVAN, DAWN",26,5.50,120.74,1,7923,Tuvalu,"Children, Music",127.92,NC-17,"High Renters"
386,"TAN, TODD",29,5.28,117.71,1,7923,Ukraine,Children,117.17,R,"High Renters"
545,"NOLAND, JULIO",21,4.76,89.79,2,8121,Ukraine,Family,107.52,NC-17,"Medium Renters"
131,"HICKS, MONICA",30,4.53,128.70,2,8121,Ukraine,"Action, Animation",115.67,"G, PG","High Renters"
475,"CHESTNUT, PEDRO",24,5.54,103.76,2,8121,Ukraine,Games,114.58,NC-17,"Medium Renters"
82,"COLEMAN, KATHRYN",26,6.12,130.74,1,7923,Ukraine,"Action, Animation",103.88,PG-13,"High Renters"
187,"RILEY, BRITTANY",28,6.39,159.72,2,8121,Ukraine,Classics,123.21,PG-13,"High Renters"
452,"MILNER, TOM",32,4.71,107.68,1,7923,"United Arab Emirates","Action, Drama, Sci-Fi",111.28,R,"High Renters"
98,"GRIFFIN, LILLIAN",25,5.00,106.75,1,7923,"United Arab Emirates",Sports,118.40,PG-13,"Medium Renters"
292,"LAMBERT, MISTY",27,5.52,118.73,2,8121,"United Arab Emirates","Drama, Travel",124.67,"PG, PG-13","High Renters"
85,"POWELL, ANNE",23,4.09,87.77,2,8121,"United Kingdom","Comedy, Sci-Fi, Travel",108.26,"G, PG, R, NC-17","Medium Renters"
142,"BURNS, APRIL",26,4.88,94.74,1,7923,"United Kingdom",Documentary,117.00,"R, NC-17","High Renters"
252,"HOFFMAN, MATTIE",22,3.90,64.78,2,8121,"United Kingdom",Documentary,117.27,"G, NC-17","Medium Renters"
512,"VINES, CECIL",26,4.96,115.74,1,7923,"United Kingdom",Sci-Fi,100.54,"PG-13, R","High Renters"
583,"THORN, MARSHALL",23,5.13,117.77,1,7923,"United Kingdom","Games, Sports",113.74,R,"Medium Renters"
16,"MARTIN, SANDRA",28,4.46,118.72,2,8121,"United Kingdom",Sports,120.00,PG-13,"High Renters"
556,"GRUBER, ARMANDO",21,5.29,83.79,2,8121,"United Kingdom",Games,102.00,PG-13,"Medium Renters"
477,"PAINE, DAN",22,5.23,109.78,1,7923,"United Kingdom","Animation, Sports, Travel",125.00,"G, PG-13, NC-17","Medium Renters"
497,"SLEDGE, GILBERT",28,4.41,129.72,2,8121,"United Kingdom","Drama, Family",110.96,G,"High Renters"
479,"HITE, ZACHARY",31,5.70,146.69,1,7923,"United States","Comedy, Horror, Sports",121.65,PG,"High Renters"
305,"MCCRARY, RICHARD",25,4.88,109.75,1,7923,"United States",Foreign,125.12,NC-17,"Medium Renters"
96,"ALEXANDER, DIANA",27,4.74,105.73,1,7923,"United States","Documentary, Drama",111.37,PG-13,"High Renters"
330,"SHELLEY, SCOTT",25,4.58,94.75,1,7923,"United States","Action, Documentary",116.64,NC-17,"Medium Renters"
537,"BUFORD, CLINTON",25,4.63,103.75,2,8121,"United States",Family,113.56,PG-13,"Medium Renters"
212,"RICHARDS, WILMA",20,5.85,91.80,2,8121,"United States",Children,132.05,PG-13,"Medium Renters"
149,"BLACK, VALERIE",26,5.96,121.74,1,7923,"United States",Sports,118.27,"G, PG-13","High Renters"
526,"SEAL, KARL",45,5.84,221.55,2,8121,"United States",Animation,119.73,"PG-13, NC-17","VIP Renters"
14,"WHITE, BETTY",28,5.11,117.72,2,8121,"United States","Action, Children, Documentary, Drama, Foreign, Games",121.86,R,"High Renters"
140,"RAMOS, EVA",18,5.33,83.82,1,7923,"United States","Sci-Fi, Travel",108.06,NC-17,"Medium Renters"
182,"LANE, RENEE",26,5.04,97.74,1,7923,"United States",Games,136.00,NC-17,"High Renters"
400,"HARDISON, BRYAN",28,5.25,124.72,2,8121,"United States","Comedy, Sci-Fi",109.54,R,"High Renters"
294,"WATTS, SHELLY",26,5.31,113.74,2,8121,"United States",Action,117.00,PG-13,"High Renters"
420,"LANCE, JACOB",21,4.14,79.79,1,7923,"United States",Action,118.24,R,"Medium Renters"
51,"STEWART, ALICE",33,5.00,138.67,1,7923,"United States",Action,106.03,G,"High Renters"
593,"MCALISTER, RENE",26,5.38,113.74,2,8121,"United States",Horror,101.65,G,"High Renters"
561,"STILL, IAN",27,5.08,96.73,2,8121,"United States",Animation,116.15,R,"High Renters"
118,"CRUZ, KIM",21,5.05,82.79,1,7923,"United States",Games,106.48,PG-13,"Medium Renters"
158,"STONE, VERONICA",32,4.75,126.68,1,7923,"United States",Animation,106.56,PG-13,"High Renters"
504,"ADAM, NATHANIEL",28,6.07,133.72,1,7923,"United States",Drama,121.21,G,"High Renters"
308,"GRIGSBY, THOMAS",25,4.76,105.75,1,7923,"United States",New,109.24,"R, NC-17","Medium Renters"
112,"REYNOLDS, ROSA",30,4.93,133.70,2,8121,"United States",Classics,125.97,PG-13,"High Renters"
6,"DAVIS, JENNIFER",28,5.43,93.72,2,8121,"United States",Drama,106.18,PG-13,"High Renters"
63,"RICHARDSON, ASHLEY",25,5.60,112.75,1,7923,"United States","Documentary, New",123.16,NC-17,"Medium Renters"
382,"BARKLEY, VICTOR",24,4.17,91.76,2,8121,"United States",Documentary,122.92,"PG-13, NC-17","Medium Renters"
181,"BRADLEY, ANA",34,6.06,174.66,2,8121,"United States",Family,110.59,R,"High Renters"
275,"BARNETT, CAROLE",30,4.77,108.70,2,8121,"United States","Family, Games",107.17,"PG, R","High Renters"
291,"HOLT, TONI",23,5.65,95.77,1,7923,"United States","Classics, Family, Sci-Fi",107.57,NC-17,"Medium Renters"
457,"GAVIN, BILL",28,5.31,114.72,2,8121,"United States","Drama, Music",110.25,NC-17,"High Renters"
62,"COOPER, JOAN",23,4.78,84.77,1,7923,"United States",Games,123.91,NC-17,"Medium Renters"
269,"WALTERS, CASSANDRA",30,4.79,129.70,1,7923,"United States",Documentary,114.50,PG-13,"High Renters"
2,"JOHNSON, PATRICIA",27,5.52,128.73,1,7923,"United States",Sports,113.74,PG-13,"High Renters"
146,"RICE, JAMIE",29,5.21,139.71,1,7923,"United States",Music,126.69,R,"High Renters"
214,"JOHNSTON, KRISTIN",31,4.73,116.69,1,7923,"United States",Sports,128.42,"PG-13, R, NC-17","High Renters"
248,"BOWMAN, CAROLINE",15,4.80,50.85,1,7923,"United States",Sci-Fi,123.13,NC-17,"Medium Renters"
276,"GRAVES, BRANDY",28,4.82,122.72,1,7923,"United States",Documentary,99.46,NC-17,"High Renters"
568,"HENNING, ALBERTO",21,4.30,66.79,2,8121,Venezuela,"Documentary, Family, Music",132.33,R,"Medium Renters"
111,"OWENS, CARMEN",26,5.00,97.74,1,7923,Venezuela,Action,115.23,G,"High Renters"
113,"FISHER, CINDY",29,5.00,113.71,2,8121,Venezuela,Documentary,125.38,PG,"High Renters"
453,"MARTEL, CALVIN",23,6.26,111.77,1,7923,Venezuela,New,118.70,PG,"Medium Renters"
174,"WATKINS, YVONNE",21,4.71,92.79,2,8121,Venezuela,"Action, Documentary, Travel",119.67,R,"Medium Renters"
539,"BOLIN, MATHEW",22,6.32,90.78,1,7923,Venezuela,Sports,121.50,"PG-13, NC-17","Medium Renters"
290,"CHAMBERS, KRISTINA",28,5.25,109.72,1,7923,Venezuela,Horror,109.14,"G, R","High Renters"
532,"RENNER, NEIL",32,6.35,152.68,2,8121,Vietnam,"Classics, Drama, Horror",121.22,"PG, PG-13","High Renters"
199,"FRANKLIN, BETH",25,5.08,103.75,2,8121,Vietnam,New,124.48,PG-13,"Medium Renters"
340,"NEWSOM, PATRICK",31,4.61,119.69,1,7923,Vietnam,New,110.16,"PG, PG-13","High Renters"
472,"ROBINS, GREG",30,5.52,141.70,1,7923,Vietnam,Music,102.53,"PG, PG-13","High Renters"
520,"WESTMORELAND, MITCHELL",32,5.34,134.68,2,8121,Vietnam,Drama,116.75,"PG, R, NC-17","High Renters"
523,"GUAJARDO, HARVEY",22,5.50,93.78,1,7923,Vietnam,"Classics, Foreign, Music",117.86,PG-13,"Medium Renters"
406,"RUNYON, NATHAN",32,4.47,122.68,1,7923,"Virgin Islands, U.S.",Animation,102.56,NC-17,"High Renters"
210,"OLIVER, ELLA",31,5.23,137.69,2,8121,Yemen,New,126.32,NC-17,"High Renters"
470,"ALLARD, GORDON",32,5.13,160.68,1,7923,Yemen,Action,123.06,NC-17,"High Renters"
303,"SATTERFIELD, WILLIAM",26,4.81,100.74,2,8121,Yemen,Action,109.85,"PG, PG-13","High Renters"
213,"WILLIAMSON, GINA",28,4.48,111.72,1,7923,Yemen,Family,123.07,R,"High Renters"
7,"MILLER, MARIA",33,5.61,151.67,1,7923,Yugoslavia,"Animation, Sports",105.88,PG-13,"High Renters"
553,"PITT, MAX",24,4.92,107.76,1,7923,Yugoslavia,Sci-Fi,119.88,PG-13,"Medium Renters"
438,"LOVELACE, BARRY",33,4.97,134.67,1,7923,Zambia,"Animation, Games",120.88,PG,"High Renters"
